Type,URL
Internal,https://www.kmit.in/B.techIYear/firstyear.php
Internal,https://www.kmit.in/aboutus/aboutus.php
Internal,https://www.kmit.in/aboutus/aboutus.php#achievements
Internal,https://www.kmit.in/aboutus/aboutus.php#qualitypolicy
Internal,https://www.kmit.in/aboutus/aboutus.php#visionandmission
Internal,https://www.kmit.in/academics/academic-calendars.php
Internal,https://www.kmit.in/academics/endowment-awards.php
Internal,https://www.kmit.in/academics/regulations.php
Internal,https://www.kmit.in/academics/syllabus.php
Internal,https://www.kmit.in/academics/tlevaluation.php
Internal,https://www.kmit.in/academics/value- addedservices.php
Internal,https://www.kmit.in/administration/aac.php
Internal,https://www.kmit.in/administration/academicdirector.php
Internal,https://www.kmit.in/administration/hod.php
Internal,https://www.kmit.in/administration/hrpolicy.php
Internal,https://www.kmit.in/administration/idmc.php
Internal,https://www.kmit.in/administration/kmes.php
Internal,https://www.kmit.in/administration/management.php
Internal,https://www.kmit.in/administration/management.php#director
Internal,https://www.kmit.in/administration/management.php#founder
Internal,https://www.kmit.in/administration/othercommittees.php
Internal,https://www.kmit.in/administration/perspectiveplan.php
Internal,https://www.kmit.in/administration/principal.php
Internal,https://www.kmit.in/admissions/admission-procedure.php
Internal,https://www.kmit.in/admissions/coursesoffered.php
Internal,https://www.kmit.in/admissions/eapcet-lastrank.php
Internal,https://www.kmit.in/admissions/ecet-lastrank.php
Internal,https://www.kmit.in/ariia/ariia.php
Internal,https://www.kmit.in/contact-us
Internal,https://www.kmit.in/department/about_csd.php
Internal,https://www.kmit.in/department/about_cse.php
Internal,https://www.kmit.in/department/about_csm.php
Internal,https://www.kmit.in/department/about_hs.php
Internal,https://www.kmit.in/department/about_it.php
Internal,https://www.kmit.in/department/achievefac_csd.php
Internal,https://www.kmit.in/department/achievefac_cse.php
Internal,https://www.kmit.in/department/achievefac_csm.php
Internal,https://www.kmit.in/department/achievefac_hs.php
Internal,https://www.kmit.in/department/achievefac_it.php
Internal,https://www.kmit.in/department/achievestu_csd.php
Internal,https://www.kmit.in/department/achievestu_cse.php
Internal,https://www.kmit.in/department/achievestu_csm.php
Internal,https://www.kmit.in/department/achievestu_hs.php
Internal,https://www.kmit.in/department/achievestu_it.php
Internal,https://www.kmit.in/department/contactus.php
Internal,https://www.kmit.in/department/contactus_csd.php
Internal,https://www.kmit.in/department/contactus_cse.php
Internal,https://www.kmit.in/department/contactus_csm.php
Internal,https://www.kmit.in/department/contactus_hs.php
Internal,https://www.kmit.in/department/contactus_it.php
Internal,https://www.kmit.in/department/eresource_csd.php
Internal,https://www.kmit.in/department/eresource_cse.php
Internal,https://www.kmit.in/department/eresource_csm.php
Internal,https://www.kmit.in/department/eresource_hs.php
Internal,https://www.kmit.in/department/eresource_it.php
Internal,https://www.kmit.in/department/events_csd.php
Internal,https://www.kmit.in/department/events_cse.php
Internal,https://www.kmit.in/department/events_csm.php
Internal,https://www.kmit.in/department/events_hs.php
Internal,https://www.kmit.in/department/events_it.php
Internal,https://www.kmit.in/department/faculty_CSE.php
Internal,https://www.kmit.in/department/faculty_csd.php
Internal,https://www.kmit.in/department/faculty_csm.php
Internal,https://www.kmit.in/department/faculty_hs.php
Internal,https://www.kmit.in/department/faculty_it.php
Internal,https://www.kmit.in/department/labs_csd.php
Internal,https://www.kmit.in/department/labs_cse.php
Internal,https://www.kmit.in/department/labs_csm.php
Internal,https://www.kmit.in/department/labs_hs.php
Internal,https://www.kmit.in/department/labs_it.php
Internal,https://www.kmit.in/department/library_csd.php
Internal,https://www.kmit.in/department/library_cse.php
Internal,https://www.kmit.in/department/library_csm.php
Internal,https://www.kmit.in/department/library_it.php
Internal,https://www.kmit.in/department/nba_cse.php
Internal,https://www.kmit.in/department/nba_it.php
Internal,https://www.kmit.in/department/publication_csd.php
Internal,https://www.kmit.in/department/publication_cse.php
Internal,https://www.kmit.in/department/publication_csm.php
Internal,https://www.kmit.in/department/publication_hs.php
Internal,https://www.kmit.in/department/publication_it.php
Internal,https://www.kmit.in/department/syllabus_csd.php
Internal,https://www.kmit.in/department/syllabus_cse.php
Internal,https://www.kmit.in/department/syllabus_csm.php
Internal,https://www.kmit.in/department/syllabus_hs.php
Internal,https://www.kmit.in/department/syllabus_it.php
Internal,https://www.kmit.in/examination/academicreport.php
Internal,https://www.kmit.in/examination/aebstaff.php
Internal,https://www.kmit.in/examination/contact_exam.php
Internal,https://www.kmit.in/examination/exam.php
Internal,https://www.kmit.in/index.php
Internal,https://www.kmit.in/infrastructure/Infrastructure_lab.php
Internal,https://www.kmit.in/infrastructure/aboutLib.php
Internal,https://www.kmit.in/infrastructure/accessibility.php
Internal,https://www.kmit.in/infrastructure/auditorium.php
Internal,https://www.kmit.in/infrastructure/classroom.php
Internal,https://www.kmit.in/infrastructure/sportsfacilities.php
Internal,https://www.kmit.in/intiatives/alumni.php
Internal,https://www.kmit.in/intiatives/annualevents.php
Internal,https://www.kmit.in/intiatives/clubs.php
Internal,https://www.kmit.in/intiatives/cocurriculars.php
Internal,https://www.kmit.in/intiatives/nssevents.php
Internal,https://www.kmit.in/intiatives/streetcause.php
Internal,https://www.kmit.in/intiatives/studentcouncil.php
Internal,https://www.kmit.in/iqac/iqac.php
Internal,https://www.kmit.in/iqac/iqac.php#iqac
Internal,https://www.kmit.in/iqac/iqac.php#naac
Internal,https://www.kmit.in/mandatorydisclosure/mandatorydisclosure.php
Internal,https://www.kmit.in/nirf/nirf.php
Internal,https://www.kmit.in/placements/placement.php
Internal,https://www.kmit.in/research/code_of_ethics.php
Internal,https://www.kmit.in/research/consultancyprojects.php
Internal,https://www.kmit.in/research/gsoc.php
Internal,https://www.kmit.in/research/iic.php
Internal,https://www.kmit.in/research/incubationcenter.php
Internal,https://www.kmit.in/research/patents.php
Internal,https://www.kmit.in/research/publication-policy.php
Internal,https://www.kmit.in/research/publications_committee.php
Internal,https://www.kmit.in/research/research.php
Internal,https://www.kmit.in/research/researchlabs.php
Internal,https://www.kmit.in/research/researchpublications.php
Internal,https://www.kmit.in/research/sponsoredresearch.php
Internal,https://www.kmit.in/research/workshops.php
Internal,https://www.kmit.in/uniqueness/Ict.php
Internal,https://www.kmit.in/uniqueness/kmitra.php
Internal,https://www.kmit.in/uniqueness/kmittv.php
Internal,https://www.kmit.in/uniqueness/lms.php
Internal,https://www.kmit.in/uniqueness/teleuniv.php
Internal,https://www.kmit.in/uniqueness/tessellator.php
External,http://aishe.nic.in/aishe/home
External,http://elms.kmit.in
External,http://elms.kmit.in/
External,http://library.kmit.in/
External,http://www.naac.gov.in/
External,http://www.nbaind.org/
External,https://docs.google.com/gview?url=kmit.in/research/docs/Publication_Reimbursement_Form.docx
External,https://docs.google.com/spreadsheets/d/1CMfpYY9_EK28ATiWMVvWSwoxxa15ggwuO8tPPLX6KU0/edit#gid=1374009506
External,https://icici.myclassboard.com/
External,https://kmit.in/assets/713Ombudsperon.pdf
External,https://kmit.in/assets/AMRIT KAAL@2047-KMIT-HYDERABAD-TELANGANA.pdf
External,https://kmit.in/assets/FDP_Sep_2022_CSE.pdf
External,https://kmit.in/assets/Privacy%20and%20CyberSecurity%20Workshop%20(Dept.%20of%20CSE_KMIT).pdf
External,https://kmit.in/assets/eapcet-documents.pdf
External,https://kmit.in/assets/ecet-documents.pdf
External,https://nptel.ac.in/LocalChapter/statistics/2380/
External,https://www.aicte-india.org/
External,https://www.aicte-india.org/feedback/faculty.php
External,https://www.aicte-india.org/feedback/students.php
External,https://www.ariia.gov.in/
External,https://www.google.com/maps/embed?pb=!1m18!1m12!1m3!1d3807.303882191366!2d78.48784931418768!3d17.39719830710286!2m3!1f0!2f0!3f0!3m2!1i1024!2i768!4f13.1!3m3!1m2!1s0x3bcb99c44533324f%3A0x8aa5456a7d836bb5!2sKeshav%20Memorial%20Institute%20Of%20Technology!5e0!3m2!1sen!2sin!4v1605358581165!5m2!1sen!2sin
External,https://www.vectmag.com/indusfour-24
External,https://www.vectmag.com/post/mou-signed-with-kmit-and-ngit-group-of-institutions
